{
  "PositionRapid.latitude": {
    "min": 49.1840932,
    "max": 49.1973248,
    "mean": 49.186676962739995,
    "std": 0.004639119609581959,
    "samples": 10000
  },
  "PositionRapid.longitude": {
    "min": -0.3415354,
    "max": -0.3189016,
    "mean": -0.33443563251999997,
    "std": 0.007822220888189776,
    "samples": 10000
  },
  "WaterDepth.depth": {
    "min": 2.23,
    "max": 11.28,
    "mean": 5.072328,
    "std": 1.9784758629854446,
    "samples": 10000
  },
  "WaterDepth.offset": {
    "min": 0.0,
    "max": 0.0,
    "mean": 0.0,
    "std": 0.0,
    "samples": 10000
  },
  "Rudder.rudder_angle_order": {
    "min": -13.997358935046012,
    "max": 9.001166961505234,
    "mean": 0.6482656488494333,
    "std": 2.958308457333037,
    "samples": 10000
  },
  "Rudder.rudder_position": {
    "min": -11.951899606428974,
    "max": 17.039764827190684,
    "mean": 1.5683189844393286,
    "std": 3.6466510130658802,
    "samples": 10000
  },
  "COGSOG.cog": {
    "min": 0.0,
    "max": 359.9550052129884,
    "mean": 185.00761253559114,
    "std": 101.90090788211786,
    "samples": 10000
  },
  "COGSOG.sog": {
    "min": 0.9500000000000001,
    "max": 2.0,
    "mean": 1.696273,
    "std": 0.1824961902917428,
    "samples": 10000
  },
  "Speed.speed_water": {
    "min": 0.0,
    "max": 2.77,
    "mean": 1.4954770318021202,
    "std": 0.5041003428252916,
    "samples": 5094
  },
  "Attitude.yaw": {
    "min": -179.59362088375656,
    "max": 179.85145189156543,
    "mean": -3.5616592072222875,
    "std": 87.07436831749854,
    "samples": 10000
  },
  "Attitude.pitch": {
    "min": 0.5328507494716657,
    "max": 2.681442481212253,
    "mean": 1.6132279893794776,
    "std": 0.30427481531537515,
    "samples": 10000
  },
  "Attitude.roll": {
    "min": -2.188698777399745,
    "max": 0.7734930234266113,
    "mean": -0.5454483725132071,
    "std": 0.5898828877681145,
    "samples": 10000
  },
  "Heading.heading": {
    "min": 0.011459155902616465,
    "max": 359.9378164791345,
    "mean": 170.64274815750787,
    "std": 100.44689853691246,
    "samples": 10000
  },
  "Heading.variation": {
    "min": 1.0485127650894066,
    "max": 1.0542423430407146,
    "mean": 1.0508389737376373,
    "std": 0.0028137070042813144,
    "samples": 10000
  },
  "RateOfTurn.rate_of_turn": {
    "min": -6.3293824001271535,
    "max": 4.593606759778325,
    "mean": -0.27989551581273053,
    "std": 1.4607194449230103,
    "samples": 10000
  },
  "WindSpeed.wind_speed": {
    "min": 0.0,
    "max": 3.39,
    "mean": 1.369623,
    "std": 0.7940823936286461,
    "samples": 10000
  },
  "WindSpeed.wind_angle": {
    "min": 0.0,
    "max": 358.99816569511995,
    "mean": 240.98810096684642,
    "std": 76.06841271879958,
    "samples": 10000
  }
}